,anime_id,male_fan,female_fan
0,1,2922,597
1,100,1,27
2,1000,23,6
3,10012,67,12
4,10015,2,4
5,1002,50,5
6,10020,6,2
7,10029,13,6
8,10030,65,10
9,10033,24,14
10,1004,1,1
11,10049,18,18
12,10073,3,1
13,10079,3,4
14,10080,55,6
15,10083,5,8
16,10087,1301,258
17,10092,3,2
18,101,93,101
19,10110,40,4
20,1013,14,17
21,10152,2,2
22,10153,19,2
23,1016,16,3
24,10161,33,217
25,10162,400,73
26,10163,43,1
27,10165,806,214
28,1017,9,7
29,10178,1,2
30,10187,11,3
31,1019,3,2
32,102,24,14
33,1020,1,1
34,1021,2,7
35,10216,9,2
36,10218,16,4
37,1023,8,24
38,10257,1,2
39,10259,10,2
40,10271,75,6
41,10278,114,20
42,1028,2,1
43,1029,62,6
44,103,1,3
45,1030,17,3
46,10321,3,63
47,1033,163,81
48,10330,1,1
49,10336,1,1
50,10357,122,18
51,10378,5,1
52,10379,21,45
53,10396,48,7
54,10397,18,3
55,104,2,23
56,10408,114,237
57,1043,2,2
58,10447,14,3
59,1045,2,1
60,10456,31,2
61,10460,20,31
62,10465,4,2
63,10490,6,18
64,10495,155,64
65,1050,35,12
66,10507,1,4
67,1051,16,6
68,10519,2,2
69,10521,14,2
70,10568,40,12
71,10578,4,3
72,10588,76,31
73,106,5,43
74,1060,12,6
75,1062,3,2
76,10620,813,340
77,10624,3,1
78,1065,54,14
79,10681,2,6
80,107,3,1
81,10711,28,2
82,10719,138,15
83,1072,2,8
84,10721,342,267
85,10779,19,2
86,1079,7,4
87,10793,522,135
88,10798,17,16
89,1080,3,7
90,10800,206,225
91,10851,3,1
92,10863,9,6
93,1087,29,7
94,1088,155,9
95,10884,10,1
96,1089,40,4
97,109,5,3
98,10937,52,4
99,110,8,6
100,11001,1,5
101,11013,15,114
102,11061,3307,1125
103,11079,8,8
104,1108,3,4
105,1110,2,6
106,11111,254,193
107,11123,4,22
108,11135,4,22
109,1117,6,3
110,11179,26,1
111,1118,7,2
112,1119,1,2
113,1122,4,2
114,11241,2,3
115,11285,52,34
116,113,6,3
117,11319,37,4
118,1132,14,11
119,11341,6,4
120,1137,3,2
121,11371,1,5
122,1138,6,4
123,114,69,15
124,1140,2,2
125,1142,50,20
126,11433,81,9
127,1146,4,1
128,11499,57,19
129,1157,2,2
130,11577,49,14
131,11597,104,12
132,11617,474,10
133,1163,1,1
134,11633,26,11
135,1164,7,3
136,11665,80,54
137,117,2,1
138,11703,2,6
139,1172,2,8
140,11737,2,9
141,11739,18,9
142,11741,791,140
143,11751,40,8
144,11757,1379,306
145,11759,102,21
146,11761,10,4
147,11769,3,3
148,1177,13,7
149,11771,340,369
150,11785,39,5
151,11809,2,4
152,11827,10,2
153,11837,5,2
154,11843,366,130
155,1186,4,1
156,11867,6,3
157,11887,306,79
158,1189,3,1
159,1192,1,1
160,11933,38,1
161,1194,4,1
162,1195,287,47
163,11977,8,7
164,11979,16,6
165,11981,186,58
166,120,81,465
167,12021,1,6
168,12029,109,15
169,12031,48,7
170,12035,1,4
171,12049,2,7
172,1205,4,3
173,12053,3,1
174,12079,6,3
175,121,858,576
176,1210,1347,179
177,1211,11,2
178,12113,13,6
179,12115,46,9
180,12119,10,1
181,1212,17,15
182,12149,19,25
183,12175,10,2
184,12189,749,167
185,12191,15,7
186,122,26,103
187,1221,1,4
188,1222,28,60
189,1225,3,1
190,12291,83,30
191,123,32,168
192,12355,358,219
193,12365,160,25
194,12367,2,2
195,1239,2,9
196,12403,51,11
197,12413,96,24
198,12431,225,61
199,12445,156,28
200,12461,1,4
201,12467,72,6
202,12471,7,1
203,12477,41,14
204,1250,20,4
205,1251,44,3
206,12531,239,161
207,1254,84,32
208,12549,15,2
209,1261,3,2
210,1262,1,2
211,1264,3,2
212,12679,13,2
213,127,2,1
214,12711,1,25
215,12783,3,2
216,128,3,1
217,1280,3,2
218,1281,33,20
219,12815,19,46
220,1285,4,2
221,12859,14,3
222,12875,1,1
223,12883,37,73
224,129,7,39
225,1292,46,6
226,1293,62,22
227,12957,2,2
228,12967,1,6
229,12979,2,8
230,1299,10,4
231,130,2,6
232,1301,9,2
233,1303,9,3
234,131,2,2
235,13119,2,13
236,1312,4,1
237,13125,1046,386
238,1313,10,16
239,1316,2,2
240,13161,35,2
241,132,22,21
242,13203,19,6
243,13261,6,3
244,13271,6,1
245,13333,27,8
246,13335,1,11
247,13367,3,2
248,134,85,22
249,135,89,70
250,1351,1,1
251,13535,42,19
252,13585,5,14
253,136,245,130
254,13601,1139,566
255,13629,3,1
256,13655,103,19
257,13659,55,9
258,13663,74,1
259,13667,9,2
260,137,5,9
261,1371,2,4
262,1372,12,1
263,13759,903,104
264,1376,8,1
265,1382,12,4
266,1384,3,2
267,139,1,2
268,1391,10,4
269,1397,10,1
270,14075,228,65
271,14093,3,2
272,1412,55,7
273,14131,145,18
274,14199,15,2
275,142,2,14
276,14227,71,103
277,1425,13,2
278,14289,55,95
279,14293,1,2
280,143,12,24
281,1430,34,11
282,14345,91,28
283,14349,45,24
284,14397,85,33
285,144,9,4
286,14407,13,9
287,1441,12,3
288,14467,128,181
289,1448,4,1
290,145,122,67
291,1450,6,4
292,14513,133,121
293,14527,10,4
294,1453,147,17
295,1454,31,5
296,1457,7,8
297,1459,14,2
298,146,2,2
299,1462,32,5
300,147,61,21
301,1470,55,16
302,1471,10,5
303,14713,22,381
304,14719,713,151
305,14741,409,82
306,14749,27,4
307,14751,2,37
308,14753,1,1
309,14765,9,3
310,14811,20,5
311,14813,708,52
312,1482,198,363
313,14829,43,5
314,1483,12,4
315,14833,30,8
316,1484,2,1
317,1485,6,4
318,1486,10,63
319,149,5,37
320,1490,1,4
321,1491,38,9
322,14921,4,6
323,14941,18,11
324,14967,42,5
325,1498,6,13
326,15,43,32
327,150,136,255
328,15037,20,28
329,15039,12,3
330,15051,209,145
331,15061,27,34
332,15085,2,29
333,151,11,16
334,15109,4,9
335,15125,7,5
336,1517,2,1
337,1519,153,24
338,15197,6,4
339,15199,4,2
340,152,5,5
341,1520,22,15
342,15225,42,6
343,15227,44,21
344,1524,14,8
345,1526,5,3
346,153,121,87
347,1530,311,67
348,15315,113,26
349,1532,5,10
350,15335,53,29
351,1534,1,5
352,1535,3329,1520
353,1536,28,5
354,15379,22,28
355,1538,7,1
356,154,57,39
357,15417,44,16
358,15451,102,3
359,1546,11,5
360,15489,7,4
361,155,5,6
362,1556,1,1
363,15565,1,1
364,1557,3,21
365,15583,158,24
366,1559,123,10
367,156,9,26
368,15611,3,1
369,15613,4,19
370,1562,3,104
371,1563,2,8
372,1564,6,3
373,1565,11,1
374,1567,5,11
375,15689,27,6
376,1569,8,4
377,157,16,7
378,1571,41,176
379,1575,3054,829
380,15751,20,8
381,1576,2,3
382,1577,2,1
383,15771,3,11
384,15775,4,2
385,1579,5,61
386,15793,15,4
387,158,20,23
388,15809,305,65
389,15863,7,2
390,1588,4,2
391,1589,37,11
392,159,3,1
393,15911,27,6
394,15933,1,4
395,1594,23,25
396,16,283,140
397,160,118,33
398,16001,30,3
399,16005,9,21
400,16009,35,27
401,1601,9,4
402,16011,40,3
403,1602,12,2
404,16035,7,25
405,1604,291,316
406,16049,118,38
407,1606,15,7
408,16067,400,200
409,1607,3,2
410,16099,1,4
411,161,5,16
412,16123,7,1
413,1614,5,4
414,16157,33,9
415,16201,119,42
416,1629,5,3
417,16353,16,5
418,16355,9,3
419,1637,3,4
420,1639,36,6
421,164,681,185
422,16417,24,26
423,16419,7,4
424,1642,2,14
425,16498,1677,1039
426,165,91,17
427,1650,9,3
428,16512,9,4
429,16524,44,14
430,16528,3,10
431,1655,2,5
432,1657,9,6
433,16592,76,104
434,166,37,9
435,16608,1,2
436,16662,62,14
437,16664,75,25
438,16668,19,6
439,1668,8,7
440,167,34,14
441,16700,3,1
442,16706,102,9
443,16732,25,11
444,16742,127,69
445,16762,9,1
446,16774,57,12
447,1678,1,3
448,16782,214,66
449,168,37,9
450,1681,2,7
451,1683,2,1
452,1686,15,3
453,1688,3,2
454,1689,491,94
455,16890,4,11
456,16894,89,85
457,169,23,8
458,1690,79,26
459,16904,6,1
460,1691,70,37
461,16918,133,80
462,1695,15,12
463,1696,6,5
464,1698,274,230
465,16982,2,1
466,1699,12,69
467,17,6,3
468,170,186,53
469,1707,1,3
470,17074,999,112
471,17080,5,1
472,17082,11,2
473,1710,7,4
474,1719,1,3
475,1722,15,3
476,1723,9,1
477,17247,16,3
478,17249,4,7
479,1726,18,9
480,17265,366,49
481,17269,2,1
482,1728,1,8
483,1729,3,5
484,173,2,4
485,1731,3,1
486,1735,1201,562
487,17389,38,9
488,174,21,9
489,17513,7,30
490,17549,250,50
491,17641,3,3
492,17651,6,4
493,177,34,74
494,17729,105,3
495,17745,4,2
496,178,1,7
497,1787,1,3
498,17895,303,50
499,17909,83,32
500,17919,1,8
501,18,35,1
502,180,26,4
503,1800,4,2
504,18055,2,5
505,1807,3,1
506,18095,6,2
507,18097,2,1
508,18115,159,132
509,18119,35,10
510,18139,18,8
511,18153,166,150
512,1816,9,8
513,18179,47,52
514,1818,289,130
515,18195,129,22
516,182,84,92
517,18229,59,25
518,18245,256,26
519,1826,8,1
520,1827,134,90
521,18277,40,9
522,1829,2,6
523,18397,5,2
524,1840,34,3
525,18411,1,5
526,1842,16,6
527,1846,5,5
528,18465,4,2
529,18495,8,1
530,18497,13,5
531,185,228,11
532,18507,29,272
533,1852,51,10
534,1853,2,5
535,1860,2,5
536,18617,57,3
537,18619,1,1
538,18679,1115,297
539,18689,82,76
540,18857,22,2
541,1887,421,168
542,1889,334,126
543,18893,33,13
544,18897,281,18
545,189,67,7
546,19,1586,402
547,1901,4,5
548,19023,7,2
549,19067,1,2
550,191,4,2
551,19111,105,50
552,1915,18,7
553,19157,5,3
554,19163,19,4
555,1921,15,3
556,19221,56,5
557,19261,1,3
558,19285,2,1
559,19291,15,1
560,193,10,2
561,19319,26,1
562,1932,3,6
563,19363,21,14
564,19365,37,13
565,19369,28,4
566,19383,2,4
567,19391,2,2
568,1940,4,1
569,1942,1,1
570,19429,12,19
571,1943,87,49
572,1946,6,8
573,19489,7,2
574,195,56,17
575,196,6,2
576,1961,11,3
577,19647,20,2
578,1965,15,7
579,19653,5,3
580,19685,12,2
581,19703,107,35
582,1974,14,48
583,19759,6,12
584,19769,2,3
585,19775,48,17
586,198,36,20
587,19815,1174,227
588,19855,2,2
589,199,614,449
590,19919,4,1
591,19951,1,2
592,20,734,479
593,200,3,11
594,2001,3292,402
595,2002,41,1
596,20031,107,11
597,2004,13,6
598,20047,34,20
599,20057,196,57
600,20159,16,3
601,202,179,245
602,2025,665,254
603,2026,87,9
604,2029,4,1
605,2030,6,9
606,2034,122,298
607,2035,10,4
608,20359,5,3
609,2043,1,2
610,20431,33,45
611,2044,1,11
612,20449,5,2
613,20457,3,7
614,205,1087,341
615,20507,317,512
616,20541,36,16
617,20543,2,1
618,20583,593,798
619,20651,2,2
620,20689,15,18
621,207,38,4
622,20709,21,8
623,2076,12,6
624,20767,2,3
625,20785,282,55
626,20787,89,18
627,208,25,10
628,20853,17,6
629,20899,202,54
630,209,38,12
631,20973,10,5
632,21,2292,811
633,210,115,96
634,21039,18,2
635,2104,176,23
636,2108,3,3
637,21085,18,4
638,2109,2,2
639,21097,2,2
640,21105,10,36
641,2112,11,4
642,2113,2,2
643,2116,6,2
644,21177,2,3
645,21185,53,11
646,212,7,3
647,21273,80,12
648,2129,56,7
649,2130,14,5
650,2131,3,1
651,21327,50,11
652,21329,1,5
653,21339,11,5
654,21405,79,23
655,21407,1,1
656,21431,15,8
657,21437,1,1
658,2144,3,2
659,2148,2,1
660,2150,10,9
661,21507,4,3
662,21511,39,11
663,2152,7,2
664,2154,25,23
665,21557,34,46
666,2156,4,1
667,21561,4,2
668,21563,6,32
669,21573,10,2
670,2158,47,62
671,2159,36,96
672,21603,59,45
673,21639,13,8
674,2164,78,33
675,21647,68,20
676,2165,2,1
677,21667,2,2
678,2167,1012,280
679,21681,29,8
680,21743,6,24
681,218,48,2
682,2182,2,1
683,21843,65,48
684,21855,21,9
685,21863,9,1
686,21877,49,2
687,21881,122,27
688,21939,63,12
689,2199,6,4
690,21995,52,116
691,22,62,144
692,2202,5,1
693,2203,2,1
694,22043,144,88
695,22069,7,2
696,22097,3,1
697,221,2,2
698,22101,17,54
699,22123,5,2
700,2213,9,7
701,22135,762,72
702,22145,14,100
703,22147,61,11
704,2216,45,5
705,22199,316,78
706,2222,1,2
707,2225,9,8
708,22265,20,103
709,22273,14,32
710,22297,438,59
711,223,333,52
712,22319,558,392
713,22359,4,1
714,2236,187,125
715,22429,6,4
716,22433,1,1
717,2246,157,117
718,225,20,1
719,2251,1153,510
720,22535,688,213
721,2255,5,2
722,226,710,275
723,2261,2,1
724,22663,22,6
725,22687,11,1
726,227,1124,220
727,22729,74,29
728,2273,1,4
729,22789,351,246
730,228,57,140
731,22835,7,3
732,22865,13,2
733,229,3,5
734,22961,10,5
735,23135,8,9
736,23199,10,12
737,232,243,387
738,23209,3,2
739,2321,51,2
740,23225,2,4
741,23251,18,17
742,23273,1817,424
743,23277,124,8
744,23281,15,11
745,23283,329,319
746,23289,209,274
747,233,6,7
748,23311,20,10
749,23317,2,35
750,23321,32,1
751,23327,76,14
752,23333,2,16
753,23421,6,6
754,235,254,255
755,2352,1,2
756,2354,9,7
757,23587,17,11
758,2359,1,4
759,23605,12,1
760,2361,2,1
761,23623,74,4
762,23673,2,39
763,2369,5,1
764,237,574,99
765,23703,2,1
766,23755,343,183
767,238,5,8
768,2383,5,4
769,23847,649,46
770,2389,17,5
771,239,308,132
772,2390,3,4
773,2397,5,1
774,23987,1,2
775,24,302,74
776,240,91,10
777,2402,99,4
778,2403,24,6
779,24031,3,6
780,24037,8,2
781,2404,2,9
782,2409,12,1
783,24135,14,8
784,24151,2,2
785,2418,100,44
786,242,7,8
787,24231,2,2
788,24277,20,5
789,243,12,54
790,2432,6,1
791,24405,20,8
792,24415,93,42
793,24439,142,75
794,24455,20,1
795,2448,6,2
796,245,853,71
797,2454,6,1
798,246,4,2
799,24627,2,2
800,24629,4,2
801,24655,8,3
802,24701,50,7
803,24705,16,3
804,2471,19,2
805,2472,5,2
806,2476,151,24
807,24765,147,67
808,24781,1,1
809,24833,287,238
810,24855,4,2
811,2489,5,2
812,24893,22,1
813,249,236,550
814,24997,41,20
815,25,45,4
816,250,34,6
817,25013,95,428
818,251,7,90
819,25157,86,6
820,25183,32,38
821,252,15,3
822,253,23,18
823,25313,1,1
824,25345,11,2
825,25517,17,26
826,25519,39,30
827,2553,6,2
828,25537,56,17
829,2554,1,2
830,2559,28,9
831,256,49,9
832,2562,1,1
833,25649,4,8
834,25681,4,66
835,25687,2,3
836,257,14,1
837,25731,44,14
838,25777,126,49
839,25781,3,13
840,2581,231,60
841,2582,37,1
842,25835,501,68
843,25859,6,1
844,25867,2,3
845,25879,63,9
846,2593,76,11
847,2594,3,3
848,2596,30,30
849,2598,4,2
850,26,336,53
851,26023,2,2
852,2605,188,70
853,26055,237,43
854,26165,18,26
855,2618,11,2
856,2619,2,1
857,2623,5,5
858,26243,83,106
859,263,905,70
860,26349,22,5
861,26441,7,4
862,26453,3,2
863,267,188,28
864,268,190,21
865,2683,4,3
866,2685,16,28
867,269,1090,537
868,27,25,55
869,270,114,75
870,2705,3,2
871,2715,2,1
872,272,43,25
873,2724,16,6
874,274,5,6
875,27441,9,2
876,2747,6,2
877,2748,1,1
878,2758,1,1
879,2759,40,7
880,276,9,5
881,2762,3,2
882,27631,48,15
883,27655,10,9
884,27663,18,4
885,27727,4,21
886,27741,1,2
887,2775,6,1
888,27775,256,37
889,27821,5,3
890,27831,9,13
891,27833,19,11
892,2787,55,9
893,27899,103,68
894,27947,21,4
895,27969,7,2
896,2798,13,7
897,27989,265,85
898,2799,3,1
899,27991,24,11
900,28,44,29
901,2800,4,14
902,28013,4,7
903,28085,1,2
904,28121,207,24
905,28149,3,2
906,28171,715,168
907,282,3,2
908,28211,13,2
909,28215,1,2
910,28223,412,420
911,28249,26,44
912,2828,20,2
913,28297,116,83
914,283,70,11
915,28387,10,6
916,28391,16,1
917,28423,1,11
918,2847,1,2
919,28497,51,7
920,285,8,2
921,28617,23,7
922,28619,7,3
923,28621,20,10
924,28623,52,16
925,28625,6,1
926,28669,10,8
927,28675,25,15
928,28677,88,18
929,287,22,2
930,28701,184,41
931,28725,48,17
932,28735,275,137
933,28771,6,2
934,288,3,2
935,28805,72,27
936,28825,59,61
937,2884,2,1
938,28851,1348,337
939,2889,5,4
940,28891,216,180
941,289,8,3
942,2890,34,32
943,28907,193,9
944,28927,15,12
945,28957,13,4
946,28977,317,87
947,28999,263,94
948,29,13,3
949,290,31,2
950,2904,2099,516
951,29067,5,2
952,29093,14,2
953,29095,84,9
954,2921,112,1
955,2923,22,143
956,2924,237,70
957,2926,42,9
958,2927,17,3
959,293,2,2
960,2950,4,1
961,2952,32,14
962,29589,8,4
963,2961,6,7
964,2963,67,21
965,2964,5,6
966,2966,951,97
967,2969,2,3
968,29785,12,1
969,29786,63,16
970,29787,62,10
971,298,3,2
972,29803,423,34
973,2985,15,18
974,29854,16,2
975,2986,16,1
976,2993,116,21
977,2994,5,10
978,29976,2,8
979,30,2569,607
980,300,4,4
981,3001,11,8
982,30014,8,5
983,30015,256,33
984,30016,5,26
985,3002,426,44
986,30123,52,112
987,30187,14,3
988,302,44,10
989,30205,8,42
990,30230,22,16
991,30240,200,37
992,30276,1291,280
993,30279,26,6
994,30296,163,11
995,30307,71,15
996,30344,8,2
997,30346,14,85
998,30355,2,2
999,30364,1,2
1000,30370,1,6
1001,304,4,1
1002,30415,4,10
1003,30484,169,18
1004,30503,148,187
1005,30544,31,4
1006,30549,14,5
1007,306,24,2
1008,30654,295,146
1009,30694,101,15
1010,30727,40,2
1011,30736,7,28
1012,30740,2,1
1013,30778,6,1
1014,3079,3,2
1015,30795,2,2
1016,30831,819,70
1017,3087,13,1
1018,3089,7,5
1019,30895,1,1
1020,30901,10,1
1021,3091,16,18
1022,30911,11,3
1023,30913,2,1
1024,3092,19,201
1025,31,6,4
1026,31043,701,360
1027,31051,5,2
1028,31080,13,4
1029,31098,8,3
1030,311,6,1
1031,31115,1,1
1032,31147,23,5
1033,31149,13,4
1034,31163,17,2
1035,31173,18,24
1036,31174,50,123
1037,31181,75,11
1038,31229,6,17
1039,31240,1236,176
1040,31245,8,3
1041,31251,52,13
1042,31297,3,4
1043,31338,13,1
1044,31339,63,15
1045,31370,4,1
1046,31374,5,4
1047,31376,52,15
1048,31404,18,14
1049,31405,14,14
1050,31414,9,6
1051,31418,4,1
1052,31433,3,5
1053,31442,11,4
1054,31452,2,8
1055,31478,74,191
1056,31499,7,7
1057,31500,45,2
1058,31537,6,2
1059,31559,5,2
1060,31564,1,1
1061,31580,35,44
1062,31588,1,5
1063,31592,19,1
1064,31630,7,9
1065,31631,1,1
1066,31646,470,151
1067,31658,2,5
1068,3167,91,22
1069,31675,1,2
1070,31680,2,15
1071,317,34,28
1072,31704,3,1
1073,31710,6,2
1074,31716,20,3
1075,31733,1,21
1076,31737,6,1
1077,31741,13,10
1078,31757,40,3
1079,31758,124,16
1080,31764,16,5
1081,31765,59,14
1082,31771,26,5
1083,31798,59,47
1084,31812,2,18
1085,31821,3,6
1086,31848,2,1
1087,31859,136,21
1088,31904,7,3
1089,31933,616,100
1090,31952,11,3
1091,31953,88,14
1092,31964,827,373
1093,31973,28,4
1094,31988,119,30
1095,32,788,113
1096,32005,2,2
1097,32013,6,8
1098,32032,11,3
1099,32071,6,3
1100,32086,4,2
1101,32093,125,45
1102,32105,26,14
1103,32175,4,9
1104,32182,525,243
1105,32188,4,2
1106,32189,27,14
1107,322,6,74
1108,3220,28,4
1109,32245,9,3
1110,3228,20,10
1111,32281,1689,412
1112,32282,49,10
1113,323,226,89
1114,32313,12,1
1115,32355,3,3
1116,32360,9,3
1117,32370,8,13
1118,32379,21,11
1119,324,21,5
1120,32438,8,7
1121,32483,4,2
1122,32491,24,15
1123,32494,10,1
1124,325,10,36
1125,32526,62,28
1126,32542,70,26
1127,32587,6,1
1128,32595,2,2
1129,326,4,12
1130,32615,197,42
1131,32648,15,5
1132,32668,5,7
1133,32673,22,15
1134,32681,47,17
1135,32686,43,4
1136,3269,2,2
1137,32696,2,10
1138,32717,9,7
1139,32729,60,74
1140,32827,17,3
1141,32828,18,25
1142,32836,3,6
1143,32843,14,4
1144,32867,52,93
1145,32899,4,30
1146,329,307,33
1147,32901,42,11
1148,32902,15,6
1149,32924,11,5
1150,32935,181,79
1151,32937,231,13
1152,32948,12,12
1153,32949,126,52
1154,32951,37,7
1155,32962,17,1
1156,3297,448,72
1157,32977,10,7
1158,32979,111,42
1159,32983,16,16
1160,3299,8,13
1161,32995,69,519
1162,32998,77,82
1163,33,1012,172
1164,330,30,3
1165,33003,10,14
1166,33012,5,1
1167,33018,9,11
1168,33023,5,21
1169,33028,36,22
1170,33049,83,14
1171,33051,33,7
1172,33089,60,13
1173,33094,5,4
1174,33095,137,63
1175,331,1,3
1176,33206,294,106
1177,3324,2,1
1178,33241,6,3
1179,33248,3,1
1180,33253,5,7
1181,33255,274,121
1182,3326,3,2
1183,33263,19,3
1184,33314,5,6
1185,33337,27,22
1186,33350,3,8
1187,33352,606,212
1188,33354,4,8
1189,33377,3,5
1190,334,10,26
1191,33417,1,4
1192,3342,52,29
1193,33433,14,6
1194,33434,3,4
1195,33446,1,1
1196,3345,4,2
1197,33486,335,146
1198,33489,228,75
1199,335,4,3
1200,33502,115,13
1201,33506,12,15
1202,3358,15,5
1203,33589,5,2
1204,3359,1,5
1205,33605,1,6
1206,3363,5,4
1207,33654,4,23
1208,3366,10,7
1209,33674,153,21
1210,33731,70,8
1211,3375,2,4
1212,33783,3,1
1213,338,151,103
1214,33850,2,1
1215,3389,4,3
1216,33899,2,36
1217,339,788,221
1218,33926,102,42
1219,33983,5,6
1220,33988,41,18
1221,34012,10,4
1222,34055,2,3
1223,3407,9,3
1224,34076,6,4
1225,34086,1,2
1226,34096,20,15
1227,341,9,25
1228,34102,20,2
1229,34103,20,5
1230,34104,6,1
1231,34134,22,3
1232,34152,1,6
1233,34176,6,3
1234,3420,18,11
1235,34240,76,32
1236,34262,3,16
1237,34280,35,3
1238,34284,4,3
1239,343,8,2
1240,34300,4,2
1241,34321,2,1
1242,34350,4,1
1243,34382,29,11
1244,344,4,2
1245,34403,9,1
1246,34437,15,4
1247,34438,2,1
1248,34439,2,1
1249,34440,4,1
1250,34451,32,4
1251,3446,1,1
1252,3448,3,1
1253,34494,26,1
1254,34497,9,5
1255,345,5,20
1256,34537,89,9
1257,34541,1,2
1258,34542,53,21
1259,34544,7,2
1260,34547,3,2
1261,3455,95,3
1262,34561,124,15
1263,34566,39,12
1264,3457,30,261
1265,34572,70,43
1266,34577,48,4
1267,34591,28,24
1268,34599,882,236
1269,34607,2,1
1270,34612,77,19
1271,34618,50,30
1272,34636,68,23
1273,34658,7,2
1274,34662,29,6
1275,3470,15,117
1276,34712,19,14
1277,34745,15,4
1278,34787,2,1
1279,3479,10,3
1280,34792,7,2
1281,34795,2,1
1282,34798,224,29
1283,34822,320,26
1284,34863,2,5
1285,34866,7,2
1286,34901,1,1
1287,34902,40,19
1288,34933,55,53
1289,34944,5,3
1290,34973,26,8
1291,34984,32,10
1292,350,14,20
1293,35062,120,129
1294,35073,48,1
1295,35075,5,2
1296,35076,4,12
1297,35079,22,2
1298,35120,285,102
1299,35180,507,85
1300,352,4,2
1301,35203,31,3
1302,35220,1,6
1303,35222,15,13
1304,35240,30,18
1305,35241,18,5
1306,35247,216,9
1307,35249,8,1
1308,35250,1,1
1309,35251,2,6
1310,35262,4,4
1311,353,17,4
1312,35321,2,3
1313,35330,22,12
1314,35376,9,2
1315,35413,53,1
1316,35427,5,1
1317,35466,17,3
1318,355,209,74
1319,35503,36,17
1320,35507,100,8
1321,35557,227,98
1322,3559,4,2
1323,356,260,40
1324,35639,37,2
1325,35672,5,4
1326,35677,62,12
1327,357,31,7
1328,3572,100,29
1329,3574,1,8
1330,35756,14,10
1331,35760,63,34
1332,35788,30,7
1333,35790,196,33
1334,35821,5,4
1335,35828,4,7
1336,35838,190,36
1337,35839,489,68
1338,35842,7,2
1339,35843,6,3
1340,35847,36,11
1341,35848,37,16
1342,35849,265,31
1343,35851,99,38
1344,35857,23,3
1345,35860,74,4
1346,3588,446,432
1347,35889,7,19
1348,35905,8,2
1349,35928,1,10
1350,3594,4,9
1351,35946,2,1
1352,35960,1,1
1353,35968,72,52
1354,35972,29,16
1355,35994,14,16
1356,36023,2,3
1357,36028,11,12
1358,36038,49,27
1359,36094,12,2
1360,36098,130,17
1361,3613,9,41
1362,36157,2,1
1363,36214,10,12
1364,36245,2,3
1365,36259,20,1
1366,36266,6,2
1367,36286,2,2
1368,36296,122,15
1369,36317,2,8
1370,36318,2,3
1371,364,5,2
1372,36407,12,2
1373,36456,167,58
1374,36470,15,4
1375,36474,54,12
1376,36475,5,2
1377,36511,9,4
1378,36517,3,2
1379,3652,10,3
1380,3653,4,1
1381,36548,8,2
1382,3655,13,54
1383,3656,1,8
1384,36563,53,5
1385,36593,3,8
1386,36633,5,3
1387,36649,63,183
1388,36652,2,8
1389,36653,4,8
1390,3667,46,11
1391,3670,5,2
1392,36704,4,13
1393,3673,4,7
1394,36793,3,1
1395,368,19,2
1396,36828,2,1
1397,36838,8,5
1398,36871,3,2
1399,36882,18,4
1400,36884,12,7
1401,36896,6,1
1402,369,44,16
1403,36902,2,3
1404,36904,23,4
1405,36906,3,4
1406,36946,20,2
1407,36949,16,2
1408,36999,21,3
1409,37007,3,1
1410,3701,183,51
1411,3702,138,52
1412,37033,16,2
1413,37086,7,9
1414,37105,153,19
1415,3712,18,2
1416,3713,9,9
1417,37140,2,2
1418,37141,20,25
1419,37171,66,35
1420,37178,4,2
1421,372,7,19
1422,37202,7,2
1423,37204,2,6
1424,37208,32,130
1425,37210,32,4
1426,37221,3,4
1427,37259,3,4
1428,3731,60,139
1429,37338,5,4
1430,37349,59,8
1431,37379,14,2
1432,37426,22,24
1433,37430,143,28
1434,37435,32,15
1435,37447,4,2
1436,37450,390,34
1437,37475,22,2
1438,37491,8,2
1439,37497,24,6
1440,3750,7,3
1441,37510,411,87
1442,37517,28,16
1443,37520,62,76
1444,37521,125,14
1445,37525,3,3
1446,37569,2,6
1447,37578,5,5
1448,37614,13,6
1449,37651,1,1
1450,37675,43,2
1451,37779,189,173
1452,37786,91,30
1453,37799,13,2
1454,3782,22,5
1455,3783,21,7
1456,3784,140,19
1457,3785,22,9
1458,37869,4,2
1459,379,54,10
1460,37926,7,1
1461,37964,1,1
1462,37965,76,25
1463,37972,8,2
1464,37976,39,15
1465,37985,2,2
1466,37989,6,2
1467,37991,291,55
1468,37993,12,4
1469,37999,294,37
1470,38000,364,209
1471,38003,11,19
1472,38040,12,1
1473,38080,4,7
1474,38084,7,2
1475,38101,53,2
1476,38145,17,13
1477,38217,5,4
1478,38249,6,2
1479,38250,2,5
1480,383,16,3
1481,38329,50,10
1482,384,89,13
1483,38408,20,14
1484,3841,15,23
1485,38481,4,1
1486,385,9,1
1487,38524,375,83
1488,38659,17,3
1489,38671,12,10
1490,38680,44,108
1491,38691,112,41
1492,387,394,151
1493,38731,4,3
1494,38753,30,9
1495,38778,3,2
1496,38816,2,4
1497,38826,60,5
1498,38883,1,2
1499,38889,7,3
1500,389,12,1
1501,38917,2,3
1502,38935,10,1
1503,38940,4,2
1504,38993,35,6
1505,390,35,2
1506,3901,10,16
1507,39026,10,1
1508,39071,13,5
1509,39195,50,20
1510,39196,4,2
1511,39198,59,6
1512,392,758,205
1513,3927,64,14
1514,393,7,9
1515,39324,5,6
1516,39468,5,6
1517,395,14,2
1518,39533,16,46
1519,3958,13,4
1520,39587,7,1
1521,39617,3,2
1522,3972,40,17
1523,3974,13,8
1524,400,165,30
1525,40028,4,3
1526,40080,2,2
1527,401,23,6
1528,4038,3,3
1529,4039,13,2
1530,404,5,2
1531,405,9,10
1532,40542,1,4
1533,4059,27,3
1534,4063,68,4
1535,407,9,12
1536,408,1,2
1537,4080,7,11
1538,4081,305,575
1539,4087,40,63
1540,4094,1,1
1541,4106,4,4
1542,411,17,11
1543,413,12,1
1544,4147,1,3
1545,415,2,6
1546,4151,1,2
1547,4155,3,7
1548,416,66,9
1549,4177,56,11
1550,4181,3431,679
1551,4182,5,4
1552,4186,40,6
1553,419,6,2
1554,4192,38,2
1555,4214,28,3
1556,4224,1917,474
1557,424,20,1
1558,4246,5,2
1559,427,50,48
1560,4280,14,2
1561,4282,275,36
1562,43,557,58
1563,430,12,10
1564,4304,2,2
1565,431,157,398
1566,433,28,7
1567,4334,2,2
1568,435,13,17
1569,437,395,103
1570,4382,88,18
1571,44,465,95
1572,440,289,266
1573,441,14,20
1574,4437,4,1
1575,444,1,3
1576,447,2,8
1577,4472,2,1
1578,4477,12,11
1579,4483,5,1
1580,45,431,177
1581,452,2,4
1582,4535,7,16
1583,4548,4,3
1584,455,36,17
1585,4550,5,1
1586,4551,2,28
1587,456,2,2
1588,4565,36,4
1589,457,1235,473
1590,4581,1,4
1591,46,2,1
1592,4618,4,3
1593,4654,176,23
1594,4657,1,1
1595,467,552,64
1596,468,51,3
1597,469,14,21
1598,4690,1,1
1599,47,317,66
1600,470,2,1
1601,471,1,3
1602,4722,49,249
1603,4725,71,31
1604,4726,2,1
1605,474,37,6
1606,4752,6,103
1607,476,2,4
1608,477,131,32
1609,478,7,4
1610,4789,113,39
1611,479,42,9
1612,48,54,18
1613,481,86,62
1614,4814,2,33
1615,482,33,8
1616,4835,8,4
1617,486,395,125
1618,4866,18,3
1619,4879,9,10
1620,488,57,13
1621,4884,16,20
1622,489,20,6
1623,4896,43,61
1624,4898,137,679
1625,49,16,5
1626,490,19,5
1627,4901,47,7
1628,4903,1,2
1629,4938,4,7
1630,495,4,1
1631,497,3,5
1632,4975,33,7
1633,4981,103,20
1634,4985,13,3
1635,4999,5,1
1636,5,36,11
1637,50,69,13
1638,5028,26,4
1639,5030,15,5
1640,5039,15,11
1641,5040,143,42
1642,5041,2,4
1643,5042,35,3
1644,506,2,3
1645,5060,25,228
1646,5065,1,2
1647,507,1,8
1648,5074,14,4
1649,5079,18,8
1650,508,1,4
1651,5081,1554,179
1652,5084,4,2
1653,5097,2,4
1654,51,1,6
1655,5114,5035,2052
1656,5118,11,3
1657,512,127,70
1658,513,126,33
1659,514,22,19
1660,516,60,22
1661,5163,5,1
1662,5177,58,9
1663,52,14,11
1664,5204,7,4
1665,5205,147,27
1666,521,2,23
1667,522,20,6
1668,5226,1,2
1669,523,157,95
1670,5231,41,26
1671,525,4,4
1672,5258,45,1
1673,5262,2,28
1674,527,102,54
1675,5277,19,2
1676,528,10,6
1677,529,30,11
1678,53,25,3
1679,530,104,301
1680,5300,37,31
1681,5310,4,2
1682,532,9,38
1683,5337,4,1
1684,534,61,37
1685,5341,191,11
1686,5342,2,6
1687,535,20,22
1688,5355,10,35
1689,5356,21,23
1690,5365,44,10
1691,539,61,7
1692,5391,11,3
1693,540,8,2
1694,5420,90,53
1695,543,68,20
1696,548,1,2
1697,5494,3,2
1698,550,12,11
1699,5507,41,8
1700,552,142,66
1701,5525,24,89
1702,553,3,25
1703,5530,66,147
1704,554,1,2
1705,558,11,3
1706,5593,2,9
1707,5597,5,2
1708,560,3,1
1709,563,1,2
1710,5630,161,120
1711,567,58,12
1712,5671,34,13
1713,5678,43,77
1714,568,6,2
1715,5680,563,219
1716,5681,171,42
1717,5682,240,54
1718,5684,4,4
1719,569,43,9
1720,5690,26,24
1721,57,386,68
1722,570,84,8
1723,5712,1,1
1724,572,135,31
1725,576,1,1
1726,5774,2,2
1727,578,200,74
1728,58,25,9
1729,5835,4,47
1730,584,37,31
1731,585,102,87
1732,587,25,8
1733,5877,2,1
1734,589,26,23
1735,59,123,67
1736,5902,2,1
1737,5909,32,2
1738,591,5,1
1739,593,20,3
1740,594,1,4
1741,5941,224,47
1742,5958,166,13
1743,5959,4,2
1744,5962,1,2
1745,597,12,15
1746,5973,2,1
1747,598,1,2
1748,5984,3,5
1749,6,609,179
1750,60,60,62
1751,601,22,19
1752,603,4,12
1753,6030,22,5
1754,6033,75,10
1755,604,3,7
1756,6045,203,306
1757,6046,5,2
1758,605,1,6
1759,6064,5,1
1760,6069,3,2
1761,6094,1,2
1762,61,31,42
1763,6114,338,78
1764,6116,2,3
1765,615,2,1
1766,6163,2,3
1767,6164,18,9
1768,6166,16,2
1769,617,75,7
1770,6171,20,10
1771,6172,3,2
1772,618,8,1
1773,620,2,3
1774,6201,6,2
1775,6203,6,3
1776,6205,17,4
1777,621,5,6
1778,6211,67,42
1779,6213,137,40
1780,627,60,12
1781,6288,13,2
1782,63,9,4
1783,6324,24,1
1784,6325,3,3
1785,633,1,11
1786,6336,107,3
1787,634,66,16
1788,6347,208,63
1789,635,5,3
1790,6361,2,2
1791,6381,15,3
1792,64,48,51
1793,6408,4,4
1794,6444,9,31
1795,65,10,6
1796,650,20,3
1797,6500,17,9
1798,6505,9,13
1799,6512,30,4
1800,6547,1616,422
1801,6560,5,2
1802,6573,51,18
1803,6574,9,3
1804,658,48,9
1805,6586,7,59
1806,6594,518,82
1807,66,290,93
1808,6610,1,5
1809,6624,3,1
1810,6634,5,2
1811,666,19,12
1812,667,6,5
1813,6675,232,20
1814,6676,4,2
1815,6682,6,5
1816,67,50,23
1817,6702,727,600
1818,6707,21,66
1819,6746,747,698
1820,6747,19,4
1821,6758,6,1
1822,6768,2,1
1823,6773,47,16
1824,6774,73,32
1825,6793,2,3
1826,68,43,45
1827,6802,90,21
1828,6811,49,46
1829,6864,7,8
1830,687,4,59
1831,688,6,2
1832,6880,108,91
1833,6895,9,99
1834,690,11,6
1835,691,3,4
1836,6922,31,2
1837,694,2,3
1838,6954,7,2
1839,6956,83,39
1840,696,33,6
1841,6973,3,1
1842,6974,8,10
1843,7,18,24
1844,7053,4,2
1845,7054,202,472
1846,7058,5,27
1847,7059,17,16
1848,7062,18,1
1849,7079,1,2
1850,7088,36,4
1851,71,217,76
1852,710,9,1
1853,713,2,2
1854,7152,1,2
1855,719,6,25
1856,7193,78,36
1857,72,159,55
1858,721,173,280
1859,7222,6,2
1860,7295,1,3
1861,73,115,25
1862,731,19,13
1863,7311,723,68
1864,732,17,4
1865,7338,17,16
1866,738,5,3
1867,74,9,67
1868,740,8,9
1869,746,3,3
1870,7465,45,10
1871,7472,4,3
1872,75,9,5
1873,750,4,1
1874,7588,33,19
1875,759,83,23
1876,7590,3,1
1877,7592,17,24
1878,7593,32,3
1879,76,25,16
1880,7627,28,11
1881,763,9,2
1882,764,12,7
1883,7645,20,16
1884,7647,63,35
1885,7661,23,6
1886,7662,8,13
1887,7674,421,100
1888,77,61,16
1889,7705,1,4
1890,7711,15,26
1891,7720,4,10
1892,7724,287,199
1893,7748,13,2
1894,7768,16,5
1895,7769,6,8
1896,777,607,174
1897,7785,1025,142
1898,7791,535,124
1899,7817,34,25
1900,785,6,2
1901,789,2,4
1902,79,94,17
1903,790,502,169
1904,7902,2,3
1905,795,26,28
1906,80,138,16
1907,800,11,2
1908,801,253,25
1909,8063,1,4
1910,807,1,2
1911,8074,283,75
1912,8086,90,27
1913,81,86,9
1914,8100,12,3
1915,812,2,5
1916,8129,23,187
1917,813,997,130
1918,8142,41,26
1919,819,4,4
1920,82,85,9
1921,820,1160,123
1922,8217,2,4
1923,823,2,2
1924,831,4,6
1925,8310,8,7
1926,8311,4,8
1927,834,1,2
1928,838,2,3
1929,8407,38,3
1930,8425,290,107
1931,8426,56,29
1932,845,18,9
1933,8460,51,31
1934,8476,2,17
1935,849,833,256
1936,85,155,13
1937,850,8,7
1938,851,18,5
1939,8516,43,12
1940,8525,265,47
1941,853,285,1280
1942,8536,8,2
1943,855,35,37
1944,8557,67,17
1945,856,48,22
1946,857,124,23
1947,859,3,7
1948,86,8,2
1949,861,99,123
1950,8630,21,11
1951,8634,1,6
1952,8666,3,2
1953,8675,127,17
1954,8676,101,3
1955,8687,2,3
1956,87,19,1
1957,870,10,2
1958,872,4,3
1959,8726,27,4
1960,873,8,1
1961,874,65,17
1962,875,75,3
1963,876,4,1
1964,8768,1,3
1965,8769,191,45
1966,877,311,553
1967,879,14,29
1968,8795,155,110
1969,88,7,1
1970,8841,116,17
1971,885,129,20
1972,8861,82,14
1973,8888,11,7
1974,889,673,158
1975,890,25,3
1976,8915,10,18
1977,8917,9,1
1978,8934,23,15
1979,8937,49,11
1980,8995,1,2
1981,90,105,56
1982,9000,5,5
1983,9041,66,1
1984,9055,11,1
1985,9062,5,2
1986,9065,7,20
1987,9074,7,9
1988,9107,7,3
1989,9130,7,6
1990,9135,6,1
1991,915,9,2
1992,918,1544,684
1993,9181,21,2
1994,9201,10,1
1995,9204,6,5
1996,9205,2,1
1997,9213,4,2
1998,9253,5590,876
1999,9260,60,7
2000,9289,129,39
2001,93,168,79
2002,930,13,6
2003,9314,5,7
2004,933,2,5
2005,9330,3,2
2006,9331,6,5
2007,934,832,368
2008,935,35,12
2009,9367,45,6
2010,9379,46,11
2011,94,28,24
2012,940,6,3
2013,9479,5,11
2014,949,191,22
2015,95,54,4
2016,951,1,8
2017,9513,120,48
2018,953,10,8
2019,9539,6,4
2020,957,8,93
2021,959,2,1
2022,96,54,6
2023,9617,59,9
2024,962,71,20
2025,9624,4,2
2026,9656,17,29
2027,966,52,16
2028,967,150,10
2029,969,1,11
2030,97,113,17
2031,9736,1,2
2032,974,17,3
2033,975,9,5
2034,9750,6,2
2035,9751,6,1
2036,9756,1707,883
2037,9760,8,14
2038,9776,7,2
2039,9790,5,2
2040,98,36,58
2041,9806,1,2
2042,9834,11,13
2043,985,2,2
2044,986,2,3
2045,9863,117,52
2046,9893,4,3
2047,99,13,10
2048,990,3,5
2049,9919,187,300
2050,9922,3,5
2051,9926,15,141
2052,9936,4,1
2053,9938,3,8
2054,9941,60,109
2055,996,15,43
2056,9969,165,73
2057,998,10,8
2058,9981,6,3
2059,9982,3,5
2060,9989,989,333
2061,9996,29,2
